Batch Size,Epochs,Width,Layers,Lookback,Test Error
50,200,16,1,4,6.306563665170167e-06
50,200,16,1,16,6.920040761154676e-06
50,200,16,1,32,7.481302541828728e-06
50,200,16,2,4,6.976862935343318e-06
50,200,16,2,8,6.772040194222013e-06
50,200,16,2,16,8.997435499333666e-06
50,200,16,2,32,6.804118008591469e-06
50,200,4,1,8,3.4348208240503653e-06
50,200,8,1,8,8.910917282198223e-06
50,200,64,1,8,4.660335866827682e-06
50,200,16,1,8,5.309206145697979e-06
